<?xml version="1.0"?>
<Network>
  <NetInfo>
    <Title>England</Title>
    <Description>Test to check reasonable co-ordinate range</Description>
    <Author>Andy Sloane</Author>
  </NetInfo>
  <NetNodes>
    <NetNode>
      <Name>Newcastle</Name>
      <HorizontalPosition>400</HorizontalPosition>
      <VerticalPosition>1030</VerticalPosition>
      <TrafficIn>451125</TrafficIn>
      <TrafficOut>451125</TrafficOut>
      <Population>50</Population>
    </NetNode>
    <NetNode>
      <Name>Exeter</Name>
      <HorizontalPosition>200</HorizontalPosition>
      <VerticalPosition>100</VerticalPosition>
      <TrafficIn>564445</TrafficIn>
      <TrafficOut>564445</TrafficOut>
      <Population>60</Population>
    </NetNode>
    <NetNode>
      <Name>Birmingham</Name>
      <HorizontalPosition>300</HorizontalPosition>
      <VerticalPosition>470</VerticalPosition>
      <TrafficIn>453552</TrafficIn>
      <TrafficOut>453552</TrafficOut>
      <Population>10</Population>
    </NetNode>
    <NetNode>
      <Name>Norwich</Name>
      <HorizontalPosition>600</HorizontalPosition>
      <VerticalPosition>450</VerticalPosition>
      <TrafficIn>34243</TrafficIn>
      <TrafficOut>34243</TrafficOut>
      <Population>40</Population>
    </NetNode>
    <NetNode>
      <Name>Cardiff</Name>
      <HorizontalPosition>150</HorizontalPosition>
      <VerticalPosition>350</VerticalPosition>
      <TrafficIn>102432</TrafficIn>
      <TrafficOut>102432</TrafficOut>
      <Population>10</Population>
    </NetNode>
    <NetNode>
      <Name>Stoke-on-Trent</Name>
      <HorizontalPosition>250</HorizontalPosition>
      <VerticalPosition>600</VerticalPosition>
      <TrafficIn>990843</TrafficIn>
      <TrafficOut>990843</TrafficOut>
      <Population>90</Population>
    </NetNode>
    <NetNode>
      <Name>London</Name>
      <HorizontalPosition>450</HorizontalPosition>
      <VerticalPosition>350</VerticalPosition>
      <TrafficIn>832203</TrafficIn>
      <TrafficOut>832203</TrafficOut>
      <Population>25</Population>
    </NetNode>
    <NetNode>
      <Name>Dover</Name>
      <HorizontalPosition>650</HorizontalPosition>
      <VerticalPosition>250</VerticalPosition>
      <TrafficIn>998644</TrafficIn>
      <TrafficOut>998644</TrafficOut>
      <Population>60</Population>
    </NetNode>
    <NetNode>
      <Name>Brighton</Name>
      <HorizontalPosition>450</HorizontalPosition>
      <VerticalPosition>230</VerticalPosition>
      <TrafficIn>300453</TrafficIn>
      <TrafficOut>300453</TrafficOut>
      <Population>10</Population>
    </NetNode>
    <NetNode>
      <Name>Southampton</Name>
      <HorizontalPosition>300</HorizontalPosition>
      <VerticalPosition>230</VerticalPosition>
      <TrafficIn>200920</TrafficIn>
      <TrafficOut>200920</TrafficOut>
      <Population>20</Population>
    </NetNode>
    <NetNode>
      <Name>Bristol</Name>
      <HorizontalPosition>250</HorizontalPosition>
      <VerticalPosition>350</VerticalPosition>
      <TrafficIn>400589</TrafficIn>
      <TrafficOut>400589</TrafficOut>
      <Population>35</Population>
    </NetNode>
    <NetNode>
      <Name>Swansea</Name>
      <HorizontalPosition>70</HorizontalPosition>
      <VerticalPosition>360</VerticalPosition>
      <TrafficIn>129045</TrafficIn>
      <TrafficOut>129045</TrafficOut>
      <Population>50</Population>
    </NetNode>
    <NetNode>
      <Name>Plymouth</Name>
      <HorizontalPosition>150</HorizontalPosition>
      <VerticalPosition>50</VerticalPosition>
      <TrafficIn>457694</TrafficIn>
      <TrafficOut>457694</TrafficOut>
      <Population>15</Population>
    </NetNode>
    <NetNode>
      <Name>Colchester</Name>
      <HorizontalPosition>600</HorizontalPosition>
      <VerticalPosition>350</VerticalPosition>
      <TrafficIn>309234</TrafficIn>
      <TrafficOut>309234</TrafficOut>
      <Population>20</Population>
    </NetNode>
    <NetNode>
      <Name>Liverpool</Name>
      <HorizontalPosition>150</HorizontalPosition>
      <VerticalPosition>700</VerticalPosition>
      <TrafficIn>489230</TrafficIn>
      <TrafficOut>489230</TrafficOut>
      <Population>50</Population>
    </NetNode>
    <NetNode>
      <Name>Manchester</Name>
      <HorizontalPosition>250</HorizontalPosition>
      <VerticalPosition>700</VerticalPosition>
      <TrafficIn>245234</TrafficIn>
      <TrafficOut>245234</TrafficOut>
      <Population>70</Population>
    </NetNode>
    <NetNode>
      <Name>Leeds</Name>
      <HorizontalPosition>350</HorizontalPosition>
      <VerticalPosition>750</VerticalPosition>
      <TrafficIn>458745</TrafficIn>
      <TrafficOut>458745</TrafficOut>
      <Population>40</Population>
    </NetNode>
    <NetNode>
      <Name>Hull</Name>
      <HorizontalPosition>450</HorizontalPosition>
      <VerticalPosition>750</VerticalPosition>
      <TrafficIn>145761</TrafficIn>
      <TrafficOut>145761</TrafficOut>
      <Population>10</Population>
    </NetNode>
      </NetNodes>
  <AvailableLineTypes>
    <LineType>
      <Reference>128</Reference>
      <Provider>Generic</Provider>
      <FixedCost>3000</FixedCost>
      <VariableCost1>20</VariableCost1>
      <VariableCost2>20</VariableCost2>
      <Distance>200</Distance>
      <Linespeed>128000</Linespeed>
    </LineType>
    <LineType>
      <Reference>256</Reference>
      <Provider>Generic</Provider>
      <FixedCost>4000</FixedCost>
      <VariableCost1>40</VariableCost1>
      <VariableCost2>40</VariableCost2>
      <Distance>200</Distance>
      <Linespeed>256000</Linespeed>
    </LineType>
    <LineType>
      <Reference>512</Reference>
      <Provider>Generic</Provider>
      <FixedCost>5000</FixedCost>
      <VariableCost1>80</VariableCost1>
      <VariableCost2>80</VariableCost2>
      <Distance>200</Distance>
      <Linespeed>512000</Linespeed>
    </LineType>
  </AvailableLineTypes>
</Network>