<?xml version="1.0"?>
<Network>
	<NetInfo>
		<Title>Italy</Title>
		<Description>Sample network definition</Description>
		<Author>Paul Smith</Author>
	</NetInfo>
	<NetNodes>
		<NetNode>
			<Name>Torino</Name>
			<HorizontalPosition>247</HorizontalPosition>
			<VerticalPosition>1166</VerticalPosition>
			<TrafficIn>832203</TrafficIn>
			<TrafficOut>832203</TrafficOut>
			<Population>50</Population>
		</NetNode>
		<NetNode>
			<Name>Milano</Name>
			<HorizontalPosition>391</HorizontalPosition>
			<VerticalPosition>1216</VerticalPosition>
			<TrafficIn>998644</TrafficIn>
			<TrafficOut>998644</TrafficOut>
			<Population>60</Population>
		</NetNode>
		<NetNode>
			<Name>Parma</Name>
			<HorizontalPosition>499</HorizontalPosition>
			<VerticalPosition>1134</VerticalPosition>
			<TrafficIn>399458</TrafficIn>
			<TrafficOut>399458</TrafficOut>
			<Population>30</Population>
		</NetNode>
		<NetNode>
			<Name>Modena</Name>
			<HorizontalPosition>557</HorizontalPosition>
			<VerticalPosition>1114</VerticalPosition>
			<TrafficIn>199729</TrafficIn>
			<TrafficOut>199729</TrafficOut>
			<Population>30</Population>
		</NetNode>
		<NetNode>
			<Name>Bologna</Name>
			<HorizontalPosition>598</HorizontalPosition>
			<VerticalPosition>1094</VerticalPosition>
			<TrafficIn>133153</TrafficIn>
			<TrafficOut>133153</TrafficOut>
			<Population>20</Population>
		</NetNode>
		<NetNode>
			<Name>Venezia</Name>
			<HorizontalPosition>693</HorizontalPosition>
			<VerticalPosition>1209</VerticalPosition>
			<TrafficIn>199729</TrafficIn>
			<TrafficOut>199729</TrafficOut>
			<Population>20</Population>
		</NetNode>
		<NetNode>
			<Name>Genova</Name>
			<HorizontalPosition>368</HorizontalPosition>
			<VerticalPosition>1085</VerticalPosition>
			<TrafficIn>299593</TrafficIn>
			<TrafficOut>299593</TrafficOut>
			<Population>30</Population>
		</NetNode>
		<NetNode>
			<Name>Firenze</Name>
			<HorizontalPosition>588</HorizontalPosition>
			<VerticalPosition>1004</VerticalPosition>
			<TrafficIn>99864</TrafficIn>
			<TrafficOut>99864</TrafficOut>
			<Population>30</Population>
		</NetNode>
		<NetNode>
			<Name>Roma</Name>
			<HorizontalPosition>707</HorizontalPosition>
			<VerticalPosition>771</VerticalPosition>
			<TrafficIn>1597830</TrafficIn>
			<TrafficOut>1597830</TrafficOut>
			<Population>80</Population>
		</NetNode>
		<NetNode>
			<Name>Napoli</Name>
			<HorizontalPosition>879</HorizontalPosition>
			<VerticalPosition>641</VerticalPosition>
			<TrafficIn>266305</TrafficIn>
			<TrafficOut>266305</TrafficOut>
			<Population>20</Population>
		</NetNode>
		<NetNode>
			<Name>Bari</Name>
			<HorizontalPosition>1125</HorizontalPosition>
			<VerticalPosition>674</VerticalPosition>
			<TrafficIn>133153</TrafficIn>
			<TrafficOut>133153</TrafficOut>
			<Population>10</Population>
		</NetNode>
		<NetNode>
			<Name>Taranto</Name>
			<HorizontalPosition>1162</HorizontalPosition>
			<VerticalPosition>594</VerticalPosition>
			<TrafficIn>199729</TrafficIn>
			<TrafficOut>199729</TrafficOut>
			<Population>20</Population>
		</NetNode>
		<NetNode>
			<Name>Messina</Name>
			<HorizontalPosition>997</HorizontalPosition>
			<VerticalPosition>311</VerticalPosition>
			<TrafficIn>66576</TrafficIn>
			<TrafficOut>66576</TrafficOut>
			<Population>10</Population>
		</NetNode>
		<NetNode>
			<Name>Palermo</Name>
			<HorizontalPosition>791</HorizontalPosition>
			<VerticalPosition>302</VerticalPosition>
			<TrafficIn>832203</TrafficIn>
			<TrafficOut>832203</TrafficOut>
			<Population>50</Population>
		</NetNode>
		<NetNode>
			<Name>Catania</Name>
			<HorizontalPosition>953</HorizontalPosition>
			<VerticalPosition>224</VerticalPosition>
			<TrafficIn>66576</TrafficIn>
			<TrafficOut>66576</TrafficOut>
			<Population>20</Population>
		</NetNode>
		</NetNodes>
	<AvailableLineTypes>
		<LineType>
			<Reference>F128</Reference>
			<Provider>Generic</Provider>
			<FixedCost>3000</FixedCost>
			<VariableCost1>20</VariableCost1>
			<VariableCost2>20</VariableCost2>
			<Distance>200</Distance>
			<Linespeed>128000</Linespeed>
		</LineType>
		<LineType>
			<Reference>F256</Reference>
			<Provider>Generic</Provider>
			<FixedCost>5000</FixedCost>
			<VariableCost1>40</VariableCost1>
			<VariableCost2>40</VariableCost2>
			<Distance>200</Distance>
			<Linespeed>256000</Linespeed>
		</LineType>
		<LineType>
			<Reference>F512</Reference>
			<Provider>Generic</Provider>
			<FixedCost>9000</FixedCost>
			<VariableCost1>80</VariableCost1>
			<VariableCost2>80</VariableCost2>
			<Distance>200</Distance>
			<Linespeed>512000</Linespeed>
		</LineType>
	</AvailableLineTypes>
</Network>